,City,Cloudiness (%),Humidity (%),Latitude,Temperature (F),Wind Speed (mph)
0,Isangel,88,99,-19.55,81.58,16.24
1,Huandacareo,40,48,19.98,64.4,3.36
2,San Pedro,24,98,10.8,81.04,5.17
3,Patitirion,0,50,39.15,56.35,13.67
4,Zwettl Stift,76,87,48.62,37.21,10.54
5,Southbridge,1,42,42.08,33.26,3.36
6,Languyan,8,97,5.26,84.19,9.42
7,Banat,0,53,29.47,87.97,6.62
8,Crasna,0,67,45.17,42.7,11.54
9,Santa Vitoria,56,99,-18.83,70.06,6.96
10,Kajatian,0,82,6.03,86.26,9.53
11,Rantauprapat,88,79,2.1,81.67,2.93
12,Independent State of Samoa,40,74,-13.68,86.0,11.41
13,Arth,20,92,47.06,28.99,3.36
14,Huaihua,0,76,27.55,77.35,3.71
15,Mananum,24,86,8.83,82.03,5.39
16,Leninskiy,92,96,57.83,38.29,23.29
17,Sagauli,0,29,26.78,95.35,7.18
18,Edd,0,44,13.93,83.11,3.83
19,Lagos,75,93,37.1,57.2,2.24
20,Silkeborg,0,92,56.17,25.99,3.36
21,Warah,92,34,27.45,92.11,9.08
22,Huimanguillo,0,88,17.85,73.39,8.86
23,Santa Margherita Ligure,75,82,44.33,55.4,10.29
24,Sujiatun,75,49,41.66,69.8,11.18
25,Sao Bernardo do Campo,48,88,-23.7,68.97,8.05
26,Collingwood,1,85,44.5,19.4,7.07
27,San Vicente,76,90,12.98,80.05,1.03
28,Altos del Rosario,88,100,8.79,74.29,0.92
29,Toledo,92,100,-24.73,65.83,3.04
30,Brebu Manastirei,0,43,45.18,47.74,9.64
31,Khewra,56,54,32.65,83.11,8.19
32,Caserta,20,86,41.07,47.84,1.92
33,Brooklyn,90,80,41.44,32.88,13.87
34,Tileagd,20,75,47.07,39.96,14.99
35,Rudbar,0,30,30.15,70.96,6.4
36,Kalavad,0,41,22.22,91.57,5.61
37,Kingsport,75,81,36.55,54.68,6.17
38,Canora,20,77,51.63,3.2,5.82
39,Ijuin,20,43,31.62,71.6,6.93
40,Brake (Unterweser),40,100,53.33,30.96,2.24
41,Tveit,0,79,58.23,21.2,4.7
42,Lubawa,92,99,53.5,34.42,25.19
43,Pittsfield,1,53,42.45,29.64,3.36
44,Burpengary,20,65,-27.16,82.53,11.41
45,Bonga,76,90,13.22,80.05,1.03
46,Kotturu,0,42,14.82,91.3,5.39
47,Soroca,12,93,48.14,41.89,7.29
48,Baturaja,24,97,-4.13,84.01,6.85
49,Mirsini,20,81,37.92,50.47,5.82
50,Tatarskaya Kargala,0,64,51.95,35.6,6.71
51,Voluntari,20,70,44.47,45.48,8.05
52,Buguda,0,61,19.82,85.72,4.16
53,Grunji,76,70,45.5,36.67,8.41
54,Sogod,76,100,13.83,77.62,5.17
55,Dharampur,0,32,20.53,96.34,4.72
56,Catmon,40,66,10.72,87.8,8.05
57,Gandara,48,100,12.01,78.79,3.94
58,Khebda,0,58,42.44,43.06,1.92
59,Belomorsk,44,83,64.52,21.64,6.96
60,Rades,20,87,36.77,42.55,8.86
61,Wiefelstede,40,100,53.25,30.99,2.24
62,Harper Woods,1,95,42.43,30.6,6.93
63,Elwood,1,48,40.85,38.75,5.82
64,Waggaman,40,100,29.92,61.56,5.82
65,Cayhagan,8,100,9.68,80.95,7.18
66,Verkhnyaya Toyma,24,88,62.23,26.14,5.17
67,Show Low,1,21,34.25,53.13,9.17
68,Dahegam,20,38,23.17,89.6,3.36
69,Namchi,75,40,27.28,89.6,6.93
70,Ouadda,0,69,8.07,72.94,5.84
71,Swan Hill,0,51,-35.34,72.13,12.77
72,Orativ,8,87,49.19,39.73,16.35
73,Kinarut,75,66,5.82,91.4,4.7
74,Huixquilucan,40,58,19.36,60.13,1.92
75,Watsonville,1,81,36.91,56.44,5.82
76,Bonavista,88,87,48.63,35.68,22.95
77,Osorio,92,99,-29.9,68.98,9.98
78,Ivesti,0,87,46.18,44.6,3.36
79,Ludus,75,80,46.48,39.81,5.82
80,Fershampenuaz,0,96,53.53,35.32,8.41
81,Awallan,92,78,17.92,76.81,5.73
82,Asahi,20,64,34.07,67.35,11.41
83,Mainit,20,74,9.43,86.0,11.41
84,Masuda,20,64,34.67,68.97,11.41
85,Mongomo,92,97,1.63,70.69,2.71
86,Paraul,90,93,42.74,44.6,22.37
87,Purac,75,44,15.25,93.2,13.87
88,Majayjay,40,52,14.15,89.6,9.17
89,Tuxtla Chico,90,94,14.95,73.4,5.82
90,Huaquillas,88,98,-3.48,72.49,2.71
91,Juazeirinho,92,99,-6.82,69.88,2.93
92,Loyola,0,100,8.34,82.39,15.68
93,Shkurinskaya,44,80,46.59,49.54,15.23
94,Mindupok,8,95,6.09,82.66,11.43
95,Cabangahan,36,78,8.02,80.5,2.37
96,Saguing,40,46,6.98,93.2,6.93
97,Tremembe,40,88,-22.97,69.8,2.37
98,Puerto Salgar,92,100,5.46,65.83,1.59
99,Stepantsevo,92,97,56.13,37.75,15.79
100,Coria del Rio,0,87,37.29,48.85,1.12
101,Zwedru,8,93,6.07,70.69,5.39
102,Pacajus,75,94,-4.17,78.8,5.82
103,Solymar,20,80,47.59,41.0,12.75
104,Thessalon,1,73,46.25,18.07,3.36
105,Carmen,40,66,9.82,87.8,8.05
106,Hopkins,1,67,44.92,23.18,5.82
107,Tibanesti,75,81,46.92,43.74,1.12
108,Pitogo,64,95,13.78,80.86,10.42
109,Sorrento,40,93,40.62,47.37,1.92
110,Rock Hall,20,83,13.22,77.0,13.87
111,Tyumentsevo,32,98,53.32,25.42,12.21
112,Porto San Giorgio,0,61,43.18,48.2,5.82
113,Haringhata,40,57,22.95,80.6,8.05
114,Popesti,0,47,44.77,45.04,8.97
115,Olupona,75,94,7.6,78.8,5.82
116,Semporna,75,74,4.48,86.0,5.82
117,Dhemaji,20,48,27.48,86.04,3.36
118,Ube,20,77,33.94,63.82,6.93
119,Nagpur,0,37,21.15,86.0,3.36
120,Kshenskiy,92,94,51.84,34.6,13.67
121,Reisterstown,90,65,39.47,47.48,4.7
122,Sendriceni,0,86,47.95,39.2,3.36
123,North Ogden,1,43,41.31,54.57,5.82
124,Sol-Iletsk,0,100,51.16,29.29,6.85
125,Kivertsy,40,92,50.83,33.8,24.61
126,Mezozombor,40,93,48.15,35.6,4.7
127,Zakamensk,68,64,50.37,17.14,4.27
128,Izalco,0,94,13.74,71.6,2.15
129,Fratesti,20,70,43.97,45.48,8.05
130,Chivacoa,68,99,10.16,65.74,2.59
131,Riverton,48,61,-46.35,63.94,14.79
132,Clichy-sous-Bois,0,70,48.91,44.6,5.82
133,Pardesiyya,90,93,32.31,58.96,6.93
134,Dhanaula,0,48,30.28,89.68,8.41
135,Plainview,1,48,40.78,40.03,5.82
136,Miki,20,75,41.25,46.4,4.7
137,Volpago del Montello,0,86,45.78,35.82,2.24
138,Steyregg,75,80,48.28,41.0,11.41
139,Broager,0,86,54.89,31.35,9.17
140,Skerries,75,93,53.58,37.99,23.04
141,Minamata,20,43,32.22,71.6,6.93
142,Fairhaven,20,43,41.64,36.43,5.82
143,Vilyuysk,20,55,63.76,25.42,3.6
144,Barquisimeto,24,86,10.07,65.74,4.16
145,Vocklabruck,75,80,48.02,37.31,11.41
146,Chamonix-Mont-Blanc,0,84,45.92,34.68,2.24
147,Tayum,20,55,17.62,87.8,9.17
148,Olenino,64,95,56.21,39.37,21.72
149,Cristian,24,63,45.62,34.69,8.63
150,Fleury-Merogis,0,65,48.63,44.6,4.7
151,Sercaia,24,63,45.85,34.69,8.63
152,Doyong Malabago,76,91,15.97,75.1,2.48
153,Mpongwe,12,82,-13.53,66.46,8.75
154,Frankfurt (Oder),20,92,52.35,30.2,9.17
155,Sosnogorsk,32,74,63.6,28.48,3.6
156,Cancuc,0,89,16.92,49.09,1.59
157,Bobrovskiy,90,86,56.67,28.4,6.71
158,Rabat,40,93,34.01,53.6,4.7
159,Harrison,44,100,13.45,79.51,5.5
160,Deoband,0,72,29.7,83.74,4.94
161,Barnsley,90,100,53.55,37.13,9.17
162,San Ignacio,48,92,7.12,80.77,3.04
163,Sirkazhi,0,74,11.23,87.97,6.62
164,Suurejõe,92,98,58.62,33.43,15.35
165,Casa Quemada,20,88,15.12,71.6,2.04
166,Cervantes,44,100,10.87,79.87,5.17
167,Kryoneri,0,70,38.15,50.0,3.36
168,Filadelfia,75,88,5.3,68.0,6.93
169,Sile,75,93,41.18,48.33,2.24
170,Las Navas,68,100,12.34,81.49,10.09
171,Boscotrecase,20,93,40.77,47.52,2.24
172,Zapotlan de Juarez,5,20,19.97,64.4,6.93
173,Diriomo,20,65,11.87,80.6,9.17
174,Infanta,44,90,15.83,79.78,4.38
175,Feira Nova,75,94,-7.93,77.0,5.82
176,Druzhnaya Gorka,90,92,59.28,33.8,8.95
177,Doctor Arroyo,8,79,23.67,50.17,3.71
178,Ashwaubenon,1,68,44.48,21.96,4.7
179,Birkeland,0,79,58.33,21.2,4.7
180,Afgooye,40,79,2.15,86.0,11.41
181,Manolas,20,100,38.05,50.76,6.73
182,Itimadpur,0,37,27.25,94.54,5.73
183,Kravare,20,69,49.93,35.6,17.22
184,Gaoual,0,71,11.75,72.76,6.96
185,Ulenurme,92,100,58.32,33.8,10.29
186,Malu Mare,0,61,44.23,46.4,14.99
187,Ouango,20,94,4.32,72.94,4.61
188,Dingwall,92,100,57.6,34.95,4.7
189,Cuambog,40,46,7.31,93.2,6.93
190,Onega,44,79,63.91,24.79,6.4
191,Owando,76,97,-0.49,72.31,2.37
192,Valentin Gomez Farias,68,27,28.22,58.09,9.75
193,Skopelos,20,67,39.03,57.2,10.29
194,Iklad,20,80,47.67,41.0,12.75
195,Menongue,36,92,-14.66,60.97,2.37
196,Villa Rica,92,97,2.51,56.74,1.14
197,Wuchuan,8,65,21.46,81.76,8.08
198,Artsvanist,0,73,40.15,40.99,3.38
199,Starokucherganovka,40,75,46.32,44.6,20.13
200,Krugersdorp,40,93,-26.09,62.08,3.36
201,Igarassu,75,94,-7.83,77.0,5.82
202,Fuchu,1,33,35.67,71.55,3.36
203,Chiaravalle,0,61,43.6,48.2,5.82
204,Manyana,20,75,-23.4,61.69,13.0
205,Mihaesti,32,63,44.13,46.21,16.91
206,Jarrow,75,100,54.98,37.45,8.05
207,Vidólapos,0,75,46.93,41.94,12.75
208,Broni,0,69,45.07,39.2,1.48
209,Pachalum,0,91,14.92,51.97,2.15
210,Wittelsheim,0,86,47.8,34.79,5.82
211,Nomós Arkadías,20,87,37.67,46.4,2.15
212,Lashio,8,39,22.93,86.53,2.71
213,Plugari,75,81,47.48,40.96,1.12
214,Lomas de Sargentillo,0,65,-1.88,78.8,6.93
215,Guadalajara,75,32,20.67,69.8,5.82
216,Turnu Magurele,32,72,43.75,48.1,16.69
217,Taboc,24,86,8.88,82.03,5.39
218,Pingdu,0,47,36.78,77.0,13.42
219,Zebbug,20,76,35.87,51.8,6.93
220,Trofarello,0,44,44.98,38.25,4.7
221,Acacias,92,97,3.99,59.89,1.36
222,El Colorado,0,47,20.57,54.04,4.61
223,Monsenhor Gil,20,94,-5.58,75.2,2.93
224,Cotofanesti,0,87,46.15,44.6,3.36
225,Cata,92,81,46.08,38.47,13.44
226,Santomera,0,54,38.06,54.48,5.82
227,Vercelli,0,48,45.32,39.81,2.24
228,High Prairie,0,71,55.43,-0.41,2.71
229,Zahirabad,0,36,17.68,93.82,7.74
230,Juazeiro,0,61,-9.5,80.6,8.05
231,Ninotsminda,0,80,41.27,35.6,3.38
232,Tampakan,36,40,6.44,95.53,6.73
233,Kolkhozobod,12,49,37.59,62.5,2.37
234,Lalab,32,83,11.57,80.68,3.94
235,Horka nad Moravou,20,69,49.64,36.5,17.22
236,New Ipswich,1,50,42.75,31.84,4.7
237,Fernie,90,92,49.5,30.2,2.15
238,Oqtosh,64,75,39.92,56.83,4.16
239,Uruburetama,56,93,-3.63,74.83,2.71
240,Kuruman,80,86,-27.45,62.59,9.08
241,Bridgend,90,100,51.51,45.54,9.17
242,Bulembu,90,100,-25.97,68.0,8.05
243,Hejobaba,0,80,47.9,39.2,13.87
244,Aubel,20,80,50.7,38.57,8.05
245,Saint-Orens-de-Gameville,0,61,43.55,50.0,13.87
246,Macaas,40,66,10.7,87.8,8.05
247,Pavlovsk,90,98,59.68,33.8,8.95
248,Arnold,75,100,53.0,36.68,12.75
249,Paraguacu,76,98,-21.55,64.3,3.15
250,Turbe,0,70,44.35,46.4,8.05
251,La Ferte-Bernard,0,66,48.19,45.41,3.36
252,Obercorn,0,93,49.51,37.4,3.36
253,Tenepango,0,74,21.33,64.93,3.15
254,Oporapa,36,95,2.05,55.48,2.59
255,Whitefish,75,100,48.41,30.2,3.36
256,Pallisa,0,91,1.15,72.49,4.05
257,Langatian,8,75,8.52,85.27,8.19
258,Vkhodnoy,75,79,54.95,23.0,13.42
259,Rawa Mazowiecka,90,91,51.76,32.0,20.8
260,Modave,20,80,50.45,40.39,9.17
261,San Bartolome,40,77,29.0,58.75,2.24
262,Yaxchoj,0,100,16.25,56.65,2.93
263,Suining,0,76,30.51,76.54,4.94
264,Banilad,40,52,14.07,89.6,9.17
265,Binubusan,0,98,13.96,82.03,2.48
266,South Miami Heights,20,73,25.6,73.09,4.7
267,Gazi,20,71,35.33,57.2,12.75
268,Rettikhovka,12,63,44.17,57.37,15.46
269,Norre Hvalso,0,92,55.6,30.36,6.93
270,Revadanda,0,59,18.55,88.56,8.05
271,Parramos,36,84,14.61,61.33,0.36
272,Weyburn,36,65,49.67,1.66,3.38
273,Theunissen,56,96,-28.41,61.15,7.85
274,Columbia,1,51,34.0,58.55,6.93
275,Harisakichō,20,64,34.92,68.0,3.36
276,Nongstoin,8,57,25.52,83.11,3.6
277,Capreni,0,61,44.75,46.4,14.99
278,Kapiri Mposhi,92,87,-13.97,65.83,7.96
279,Siria,0,86,46.27,39.85,11.41
280,Doctor Juan Manuel Frutos,32,92,-25.37,63.85,3.6
281,Rameldange,0,93,49.66,36.43,3.36
282,Unirea,0,87,44.27,42.8,18.34
283,Ushirombo,12,90,-3.49,69.34,4.27
284,Kibaha,75,94,-6.77,77.0,4.72
285,Homestead,20,73,25.47,72.32,4.7
286,Rutland,1,58,43.61,27.95,2.93
287,Baca,20,65,21.1,78.8,9.17
288,Nunspeet,90,93,52.38,38.39,4.7
289,Gerstetten,0,91,48.63,30.78,2.24
290,Richmond,90,86,37.75,39.2,10.29
291,Graested,0,92,56.07,29.61,6.93
292,Uspenka,88,100,56.63,30.19,8.19
293,Vardenik,0,73,40.13,40.99,3.38
294,Kardymovo,92,94,54.89,42.16,23.4
295,Nkpor,24,98,6.15,75.55,6.29
296,Kornwestheim,0,90,48.87,32.0,2.24
297,Boot,40,52,14.05,89.6,9.17
298,Bileca,0,81,42.87,40.28,3.36
299,Vaitele,40,74,-13.82,86.0,11.41
300,Malaga,0,76,36.73,48.2,6.93
301,Villa Nueva,75,68,14.02,68.0,3.04
302,Khandagayty,0,53,50.73,16.06,2.93
303,Imelda,88,100,14.03,77.17,7.07
304,San Eduardo,36,96,12.17,81.4,9.19
305,Sardarshahr,0,15,28.43,98.95,9.64
306,Hoffman Estates,1,79,42.04,25.16,8.05
307,Ajaccio,0,80,41.93,40.59,8.05
308,El Presidio,8,53,24.52,48.46,4.16
309,Atarra,0,29,25.28,95.89,6.4
310,Ephrata,90,48,40.18,44.83,7.85
311,Bol’shoy Istok,90,86,56.72,28.4,6.71
312,Seto,0,64,35.23,68.0,3.36
313,Caianu Mic,20,75,47.23,41.0,13.87
314,Mabayo,75,44,14.73,93.2,13.87
315,Anavyssos,0,57,37.73,49.87,4.7
316,Kurumkan,44,55,54.3,11.83,3.83
317,Allonnes,0,66,47.97,48.2,3.36
318,Aserrio de Gariche,44,94,8.48,73.21,4.16
319,Sombrerete,0,45,23.63,52.96,5.06
320,Guipos,24,71,7.72,86.17,4.16
321,Erlangen,40,100,49.59,35.62,3.36
322,Srinagar,88,78,34.09,42.88,0.36
323,Sykourion,0,65,39.76,46.4,4.7
324,Mont-Joli,75,62,48.58,20.97,21.92
325,Nogueira da Regedoura,75,87,41.01,55.4,17.22
326,San Isidro Laug,75,44,15.05,91.36,13.87
327,Borovskiy,40,79,57.04,26.6,8.95
328,Taylor,1,100,30.57,64.69,3.36
329,Mala Kladusa,0,91,45.13,37.4,2.48
330,Sosnovka,90,93,56.19,32.0,15.66
331,La Paz,44,99,10.89,80.32,3.38
332,Dumanjog,40,66,10.06,87.8,8.05
333,Brea,75,82,33.92,56.57,3.36
334,Santo Domingo,44,94,8.5,73.21,4.16
335,Reo,20,31,12.32,70.51,8.41
336,Ceres,20,93,-15.28,66.82,2.82
337,Krasna,75,69,48.58,39.2,8.95
338,Calumpang,80,91,15.17,76.63,3.71
339,Ichihara,0,60,35.52,71.29,3.36
340,Soleuvre,0,93,49.53,37.4,3.36
341,Vladesti,80,79,45.85,46.3,6.73
342,Mopti,44,53,14.5,76.36,4.38
343,Kingussie,48,100,57.08,33.8,4.7
344,Tlaxcoapan,0,79,20.08,42.7,0.92
345,Oreoi,0,65,38.93,50.99,4.7
346,Surat Thani,20,59,9.14,89.6,3.36
347,Idrinskoye,24,82,54.37,21.73,7.63
348,Brugherio,0,69,45.55,40.08,4.72
349,Carmen,64,79,15.44,81.31,6.96
350,As,12,53,59.67,23.97,3.36
351,Socorro,92,99,6.47,62.23,0.47
352,Aleksandrovka,90,93,46.84,44.6,6.71
353,Barna,0,86,45.72,39.2,6.93
354,Valinhos,75,88,-22.95,68.0,2.24
355,Kilimatinde,44,78,-5.85,70.24,5.39
356,Draganesti-Olt,0,61,44.17,46.4,14.99
357,Antrim Borough,90,93,54.67,36.54,16.11
358,Kilingi,92,96,58.15,33.88,13.33
359,Siusega,40,74,-13.83,86.0,11.41
360,Schlieren / Zentrum,76,92,47.4,28.78,1.12
361,Kholtoson,68,64,50.3,17.14,4.27
362,Cocobeach,75,94,0.98,77.0,6.93
363,Palenque,92,98,-1.45,71.41,4.16
364,Vrani,0,86,45.04,41.0,3.36
365,Shirokiy,12,44,49.76,45.04,12.77
366,Valea Mare,0,61,44.67,46.4,14.99
367,Vakhrushev,44,74,48.98,42.97,11.21
368,Zaragoza,0,94,13.59,75.27,2.15
369,Kilcoole,75,93,53.1,38.05,23.04
370,Dimos Rhodes,20,59,36.25,60.8,11.41
371,Samaipata,92,98,-18.15,64.21,2.82
372,Fatehgarh,0,43,27.37,92.02,7.96
373,Nizamabad,0,42,18.67,94.0,8.08
374,Smederevo,0,81,44.66,42.78,8.05
375,Letychiv,80,85,49.38,36.49,20.6
376,Kottayam,20,66,9.58,87.8,2.24
377,Tapioszentmarton,20,80,47.34,42.24,12.75
378,San Felipe,88,100,14.02,77.17,7.07
379,Dolo,0,86,45.43,41.59,2.24
380,Einbeck,88,97,51.82,34.33,3.04
381,Villa Aglipay,64,79,15.47,81.31,6.96
382,Mandahara,44,81,-1.03,84.73,3.38
383,Stratos,20,100,38.67,47.3,3.36
384,Ratzeburg,0,100,53.7,28.98,3.36
385,Santo Tomás,100,24,25.53,76.99,6.85
386,Kabare,88,100,-2.47,61.87,2.82
387,Aruppukkottai,20,52,9.52,91.4,3.36
388,Moore,90,80,35.34,33.13,8.05
389,Coruripe,88,96,-10.13,80.41,8.75
390,Itaperucu,75,82,-25.2,68.0,9.17
391,Santa Ana Jilotzingo,40,58,19.54,60.17,0.58
392,Wipperfurth,44,93,51.12,37.83,3.36
393,Imbituba,0,94,-28.23,73.4,3.36
394,Vikesa,0,79,58.63,24.8,2.24
395,Daru,20,95,-9.08,84.91,8.97
396,Enterprise,1,77,31.32,58.75,3.36
397,San Ferdinando di Puglia,0,93,41.3,39.2,2.24
398,Guanhaes,12,96,-18.78,62.77,3.38
399,Kruisfontein,8,92,-34.0,66.19,3.04
400,San Pedro Sacatepequez,90,94,14.97,73.4,5.82
401,Mintlaw,75,100,57.58,35.74,6.93
402,Cururupu,80,99,-1.83,76.63,2.93
403,Corlateni,0,86,47.93,39.2,3.36
404,Tinampo,76,90,13.23,80.05,1.03
405,Ilaya,32,86,5.82,81.4,4.16
406,La Mesa,48,90,8.15,63.4,3.04
407,Sydenham,75,79,44.57,24.8,2.24
408,Fond du Sac,40,74,-20.04,84.2,11.41
409,North Little Rock,90,93,34.77,43.23,10.29
410,Muzaffargarh,40,65,30.08,77.0,6.93
411,Farmington,90,92,37.78,30.2,6.93
412,Saint-Andre-Avellin,20,62,45.72,24.8,6.93
413,Shawnee,90,85,39.04,25.09,5.82
414,Kiyasovo,32,99,56.35,29.83,6.29
415,Boksburg,40,93,-26.21,62.06,3.36
416,Ureshino,20,38,33.1,72.73,11.41
417,Oberndorf,0,88,48.28,32.0,2.24
418,Ibipeba,12,96,-11.63,65.56,6.06
419,Warmbaths,76,94,-24.88,61.33,3.94
420,Tiganesti,12,74,43.9,48.91,18.25
421,Labangan,24,71,7.87,86.17,4.16
422,Miami Shores,20,78,25.86,73.4,4.7
423,Carvin,90,87,50.49,42.8,6.93
424,Jewar,0,40,28.13,87.8,9.17
425,Nandrin,20,80,50.5,40.39,9.17
426,Sabile,92,99,57.05,33.16,9.31
427,Cachoeirinha,90,94,-29.95,71.6,10.29
428,Fulton,1,74,43.32,29.64,3.83
429,Icoana,0,61,44.42,46.4,14.99
430,Linamon,24,88,8.19,83.11,9.42
431,Puerto Escondido,5,74,15.85,80.6,8.41
432,Heilbad Heiligenstadt,88,90,51.38,33.8,2.24
433,Salmoral,0,95,19.33,64.3,2.37
434,Bulaevo,92,99,54.91,29.29,11.65
435,Siguiri,64,74,11.42,74.47,2.82
436,Placetas,20,93,22.31,64.4,4.7
437,Kovacica,0,81,45.11,42.78,6.93
438,Candolim,0,86,15.52,86.71,6.73
439,Nadudvar,0,80,47.42,39.2,13.87
440,Gazli,32,62,40.13,56.2,13.78
441,Steinbach am Taunus,75,93,50.17,36.5,2.24
442,Baley,8,29,51.6,28.3,9.98
443,Coreau,64,98,-3.55,71.68,3.15
444,Majengo,80,100,-5.15,77.08,5.73
445,Dimitrov,0,76,40.01,51.8,3.38
446,Artesia,1,45,32.84,62.6,18.34
447,Sao Cristovao,40,78,-11.02,80.6,8.05
448,Highland,1,72,34.13,57.2,5.82
449,Ipatovo,12,92,45.72,45.67,15.57
450,Strizhi,56,92,58.46,29.2,10.76
451,Yovon,90,62,38.31,57.2,4.47
452,Timbauba,75,88,-7.52,74.23,3.36
453,Amantea,40,81,39.13,51.8,5.82
454,Urman,88,86,54.88,33.79,3.38
455,Dum Duma,20,48,27.57,84.2,3.36
456,Brates,76,73,45.83,35.23,8.75
457,Yumbel,0,93,-37.08,53.6,4.7
458,Tsikalaria,20,71,35.48,55.4,6.93
459,Burdinne,20,80,50.58,40.73,9.17
460,Gauribidanur,0,65,13.61,82.4,6.93
461,Jemna,20,44,33.58,57.19,9.64
462,Lalitpur,0,29,24.68,93.73,4.5
463,Novy Bydzov,20,79,50.24,35.67,10.29
464,Duliagaon,20,48,27.37,84.2,3.36
465,Barbosa,40,100,6.44,57.2,2.71
466,Koga,20,38,33.73,68.27,11.41
467,Richmond,1,71,37.94,56.07,9.17
468,Tarjan,20,80,47.61,41.0,12.75
469,Stockton,1,59,37.96,60.3,9.17
470,Neuville-en-Ferrain,90,87,50.75,42.35,6.93
471,Bongued,12,63,7.12,89.23,10.42
472,Lebach,0,91,49.4,34.41,5.82
473,Cluain Meala,92,96,52.35,45.31,7.74
474,Bizhbulyak,88,100,53.7,33.25,5.95
475,Vaiusu,40,74,-13.82,86.0,11.41
476,Green,90,91,40.95,33.04,4.7
477,Schiltigheim,80,94,48.6,32.0,2.82
478,Lisle,1,79,41.8,25.3,8.05
479,Indapur,0,45,18.3,92.74,5.17
480,Haldensleben,12,90,52.3,30.46,9.75
481,Krosno Odrzanskie,75,86,52.05,33.8,13.87
482,Kapellen,90,93,51.32,39.52,4.7
483,Axel,90,93,51.27,40.46,4.7
484,Worcester,1,42,42.26,33.37,3.36
485,Oneonta,80,72,42.45,21.1,2.15
486,Tingi,88,100,-11.3,71.95,2.59
487,Itigi,56,84,-5.7,67.63,8.63
488,Temizhbekskaya,32,92,45.45,49.45,8.86
489,Pigkelegan,12,63,7.23,89.23,10.42
490,Mwaya,88,100,-9.55,70.51,1.7
491,Hassan,0,56,13.0,87.16,6.29
492,Hampden,1,50,44.74,28.36,3.36
493,Reinsvik,75,92,63.1,28.4,3.36
494,Savigny-le-Temple,0,70,48.57,44.6,9.17
495,Spermezeu,20,75,47.3,41.0,13.87
496,Loutraki,0,70,37.98,48.2,3.36
497,Vyksa,92,98,55.32,37.39,13.78
498,Spitak,0,80,40.8,35.6,2.82
499,Strasice,90,93,49.74,35.6,2.24
500,Bellaire,75,100,29.71,70.81,3.36
501,Contramaestre,75,83,20.3,71.6,4.7
502,Vorselaar,20,93,51.2,39.47,3.36
503,Kaliua,88,93,-5.06,66.91,3.38
504,Venadillo,88,100,4.72,62.14,1.81
505,Wenden,80,93,50.97,37.4,3.36
506,Basiglio,0,69,45.37,41.07,4.72
507,Léona,0,95,16.02,66.01,16.46
508,Pueblo Nuevo Vinas,36,84,14.23,61.33,0.36
509,Nachod,20,74,50.42,32.0,10.29
510,Oyan,40,88,8.05,78.8,6.93
511,Chorozinho,75,94,-4.3,78.8,5.82
512,Palimbang,8,95,6.21,82.66,11.43
513,Panambi,92,99,-28.3,63.4,4.94
514,Skorodumovka,64,94,48.34,43.33,17.02
515,Chicomuselo,0,90,15.77,53.14,1.36
516,Bloomfield,75,68,44.02,26.6,2.24
517,Oktyabr’sk,36,100,53.17,34.24,8.08
518,Non Thai,75,47,15.2,95.0,6.93
519,Lynchburg,75,71,37.41,53.83,4.05
520,Tsimasham,12,53,27.07,69.07,1.92
521,Santo Tomas,0,94,13.64,75.34,2.15
522,Krasnaya Gorbatka,92,99,55.87,37.03,14.0
523,Vijayapuri,40,66,11.23,84.2,4.7
524,Petropavlovskoye,0,100,52.07,28.39,5.39
525,Blue Springs,90,86,39.02,25.09,6.93
526,Siliveniotika,0,89,38.17,51.25,6.4
527,Lanester,92,93,47.76,50.0,8.05
528,Shabqadar,40,47,34.21,80.6,4.7
529,Saray,40,76,40.53,50.0,21.92
530,Sarbeni,20,70,44.47,45.5,8.05
531,Flower Mound,90,81,33.01,45.45,12.75
532,Machali,0,65,-34.18,52.6,4.38
533,Kostek,12,82,43.34,49.54,3.94
534,Toltestava,40,80,47.63,41.97,9.17
535,Dolni Nemci,20,69,48.97,38.25,9.17
536,Lynn Haven,1,100,30.25,58.1,8.86
537,Joliette,90,54,46.03,28.99,5.82
538,Bagnols-sur-Ceze,0,69,44.16,38.07,2.24
539,Nchelenge,56,97,-9.35,67.0,4.83
540,Marshall,90,100,39.12,26.13,3.36
541,Upper Klinan,32,86,6.23,81.4,4.16
542,Werl,75,86,51.55,36.16,3.36
543,Piscu Vechi,0,79,43.9,48.37,15.23
544,Kalamare,20,93,-22.87,61.69,9.64
545,Tessalit,0,33,20.2,64.03,3.83
546,Chiniot,32,61,31.72,84.73,9.42
547,Holesov,20,69,49.33,36.54,17.22
548,Malusac,75,44,14.86,91.33,13.87
549,Irondequoit,90,63,43.21,30.2,4.7
550,Gushu,0,54,31.56,80.6,11.18
551,Goure,0,29,13.99,66.01,6.96
552,Lincolnton,1,42,35.47,62.78,6.93
553,Neyvo-Shaytanskiy,8,79,57.73,31.36,5.17
554,Eibergen,90,93,52.1,36.45,4.7
555,Oberasbach,40,100,49.43,36.07,3.36
556,Zelenogorsk,90,94,60.2,33.8,8.95
557,Pakruojis,90,100,55.97,32.0,9.17
558,Uxbridge,1,37,42.08,34.9,4.72
559,Shelopugino,0,27,51.65,26.77,11.65
560,Petrovskaya,88,55,45.43,60.8,31.32
561,Hamar,32,86,61.6,26.6,3.36
562,Bucov,0,75,44.97,45.52,10.29
563,Nerja,40,76,36.75,47.61,2.24
564,Deta,0,86,45.39,40.06,3.36
565,Choachi,75,87,4.53,55.4,3.36
566,Manga,0,35,11.66,73.21,3.49
567,Perozinho,75,87,41.07,55.4,17.22
568,Vodskov,0,89,57.11,29.29,6.73
569,Armentieres,90,87,50.69,42.35,6.93
570,Brook Park,90,86,41.4,32.88,8.05
571,Castellammare di Stabia,40,93,40.7,47.44,1.92
572,Porbandar,40,62,21.63,87.8,3.36
573,Ecroignard,40,74,-20.23,84.2,11.41
574,Palamas,0,65,39.47,46.4,4.7
575,Trucuk,12,100,-7.83,82.12,3.38
576,Tet,0,70,47.52,41.88,6.93
577,Okolona,90,93,38.14,37.4,9.17
578,Kota Kinabalu,75,66,5.97,91.4,4.7
579,Mettur,0,66,11.8,85.9,3.71
580,Malyi,80,90,48.02,40.0,12.55
581,Muggio,0,69,45.58,40.1,4.72
582,Atlantis,20,93,-33.57,59.0,10.29
583,Mataquescuintla,0,90,14.53,54.76,2.26
584,Kurkino,88,95,53.43,34.33,15.23
585,Gundsomagle,0,92,55.74,30.27,6.93
586,Communal,36,96,13.25,78.52,3.15
587,Krasyukovskaya,64,86,47.52,45.31,17.02
588,San Estanislao,36,96,-24.65,66.46,2.93
589,Limoeiro,75,94,-7.87,77.0,5.82
590,Peregpuszta,0,86,46.32,40.59,11.41
591,Svinninge,0,92,55.72,28.4,6.93
592,Carbunari,0,86,44.83,41.0,3.36
593,Licab,64,79,15.54,81.31,6.96
594,Wanganui,12,88,-39.93,64.39,22.39
595,Macabuboni,48,89,16.19,83.29,4.16
596,Villa San Giovanni,20,76,38.22,54.46,10.29
597,Basiad,88,100,14.16,78.52,11.43
598,Independenta,0,87,43.97,42.8,18.34
599,Schela,36,77,45.5,48.01,7.63
600,Bacag,76,91,15.93,75.1,2.48
601,Piskavica,0,70,44.83,46.4,8.05
602,Canoas,90,94,-29.93,71.6,10.29
603,Otwock,90,93,52.12,32.0,14.99
604,Goiania,75,93,-16.67,66.2,3.36
605,Puerto Leguizamo,8,94,-0.19,73.39,2.37
606,Falefa,40,74,-14.0,86.0,11.41
607,Basse-Pointe,0,88,14.87,73.4,3.36
608,Wehr,0,86,47.63,29.43,5.82
609,Paitan Este,48,89,16.09,83.29,4.16
610,San Juan de Colon,75,100,8.04,73.4,3.36
611,Vladimirskaya,48,40,44.55,55.93,4.38
612,Narsingi,20,70,18.03,84.2,5.82
613,Zelezniki,0,100,46.23,30.38,1.12
614,Iba,64,79,15.46,81.31,6.96
615,Lucapa,48,88,-8.42,70.24,4.5
616,Alacranes,5,88,22.77,68.0,4.7
617,La Quiaca,88,100,-22.1,35.41,2.82
618,Suozhen,0,30,36.95,88.33,15.01
619,Novi Iskŭr,75,100,42.8,41.0,3.36
620,El Cafetal,40,94,10.47,75.2,2.15
621,Prudentopolis,92,96,-25.2,65.74,3.38
622,Kundarkhi,0,76,28.7,84.1,6.17
623,Walker Mill,90,61,38.88,50.23,3.36
624,Strib,0,100,55.54,29.79,8.05
625,Grojdibodu,12,77,43.75,48.55,16.35
626,Bolbec,0,66,49.57,46.96,13.87
627,Sugal,8,97,5.66,83.83,11.21
628,Mezibori,20,74,50.62,32.92,5.82
629,Farafenni,0,44,13.57,68.89,7.18
630,Oak Park,1,79,41.88,25.68,8.05
631,Iracoubo,100,89,5.48,77.17,4.61
632,Brasília,80,99,-3.9,71.95,2.26
633,Ostersund,36,85,63.18,15.8,2.24
634,Axioupoli,20,75,40.96,42.8,5.82
635,Verkhniye Achaluki,0,71,43.35,52.15,2.15
636,San Fernando,20,83,10.28,73.4,6.17
637,Ullensaker,20,70,60.18,16.33,5.39
638,Ayotzintepec,0,90,17.67,55.48,1.7
639,Gemeente Echt-Susteren,20,80,51.11,38.59,8.05
640,Trikala,20,75,40.6,42.8,5.82
641,"Illertissen, Stadt",0,100,48.22,30.25,2.24
642,Non Sang,36,52,16.87,89.6,5.82
643,Sriperumbudur,40,56,12.97,93.2,9.17
644,Dubrovnik,0,81,42.65,42.62,3.36
645,El Ocotito,5,88,17.25,77.0,4.7
646,Anajatuba,64,100,-3.27,74.92,1.36
647,North Richland Hills,90,75,32.83,45.66,10.29
648,Tuzser,75,93,48.34,37.4,7.07
649,Kalemie,20,100,-5.93,76.9,5.73
650,Placerville,1,67,38.73,60.03,4.7
651,Kilosa,92,97,-6.83,68.98,3.15
652,Perai,75,66,5.38,88.57,9.17
653,Peerstalle,75,86,51.07,42.37,10.29
654,Morton,1,85,40.61,20.77,5.06
655,Shchebetovka,88,92,44.94,51.97,10.09
656,Zarichne,92,97,51.81,37.21,25.52
657,Jantianon,20,74,9.44,86.0,11.41
658,Katymar,0,86,46.03,39.2,5.82
659,Oudenburg,75,86,51.18,42.24,10.29
660,Campagna,0,79,40.67,37.03,1.81
661,Rio,20,100,38.3,48.34,4.27
662,Santa Maria Xadani,0,85,15.93,54.67,1.92
663,Thapathali,20,46,27.72,73.4,3.36
664,Chambrey,36,95,10.98,78.7,5.28
665,Stiubieni,0,86,47.97,39.2,3.36
666,Ziebice,75,74,50.6,35.6,23.04
667,Carmona,40,52,14.31,89.6,9.17
668,Aracaju,40,78,-10.92,80.6,8.05
669,Ibiracu,40,88,-19.83,78.8,6.93
670,Suzun,64,92,53.78,25.96,11.88
671,Bauchi,0,52,10.31,67.0,4.27
672,Qaracuxur,40,76,40.34,50.0,21.92
673,Krasnoarmeysk,40,93,56.1,37.4,13.42
674,Agua Fria,20,76,13.45,82.03,5.17
675,Cruz das Almas,32,85,-12.67,74.29,3.6
676,Bumba,64,100,2.18,70.87,6.06
677,Assesse,75,80,50.37,41.0,5.82
678,Rimetea,75,80,46.45,39.74,5.82
679,Wuppertal,44,93,51.27,37.83,11.41
680,San Cristobal,75,94,18.42,71.6,4.7
681,Pizarro,68,100,4.95,74.74,3.04
682,Manteca,1,59,37.8,60.1,9.17
683,Pyli,90,100,39.45,37.4,2.71
684,Stepankovice,20,69,49.96,35.6,17.22
685,Pilibangan,0,30,29.45,96.43,9.98
686,North Tustin,75,82,33.76,56.64,3.36
687,Thyolo,75,94,-16.07,69.8,3.71
688,Rust,20,75,47.8,41.88,14.99
689,Bijawar,0,23,24.63,92.29,4.61
690,Frumoasa,88,75,46.45,35.86,9.75
691,Margara,0,76,40.03,51.8,3.38
692,Tartumaa,92,100,58.39,33.8,10.29
693,Waziers,90,87,50.39,42.8,6.93
694,Quezon,64,79,15.55,81.31,6.96
695,Bellevue,1,68,44.44,21.47,4.7
696,Oros,92,100,-6.25,70.33,3.27
697,Maholi,0,41,27.67,92.47,9.75
698,Feres,20,93,40.9,42.8,3.36
699,Stadenhausen,24,93,51.98,35.6,4.7
700,Pontes e Lacerda,8,94,-15.2,66.19,2.71
701,Bani,88,100,18.28,74.47,13.0
702,La Spezia,75,100,44.12,44.6,2.24
703,Kamias,80,91,15.17,76.63,3.71
704,Kolvereid,80,100,64.85,33.34,2.59
705,Leon,0,57,12.44,78.79,10.76
706,Cafarnaum,76,97,-11.7,66.19,4.94
707,Opovo,0,81,45.05,43.72,6.93
708,Ramacca,20,100,37.38,37.38,2.59
709,Dharampuri,0,27,22.17,97.24,4.5
710,Shahkot,0,44,31.08,90.76,5.17
711,Rasova,0,87,44.25,42.8,18.34
712,Ibarra,36,91,10.12,82.66,3.83
713,Pechea,36,77,45.63,48.01,7.63
714,Adiwerna,24,94,-6.94,79.42,2.15
715,Kolno,92,96,53.41,35.59,27.87
716,Zedelgem,75,86,51.15,42.22,10.29
717,Kattivakkam,40,56,13.22,93.2,9.17
718,Le Tampon,0,66,-21.27,85.17,3.36
719,Vielsalm,80,100,50.28,36.84,1.12
720,Kryvyy Rih,90,100,47.91,46.4,8.95
721,Szarvas,0,75,46.83,42.22,12.75
722,Kiskunmajsa,0,95,46.49,42.8,12.75
723,Kosino,20,94,58.41,27.94,7.18
724,Rampur,0,72,28.82,83.56,6.96
725,Vartej,0,18,21.73,89.6,3.36
726,Spinus,20,75,47.2,39.99,14.99
727,Wodonga,0,26,-36.12,82.17,8.05
728,San Miniato,20,87,43.68,46.31,5.82
729,Gort,90,86,53.07,37.4,13.87
730,Xiaoshan,20,69,30.17,75.2,6.71
731,Chakulia,75,64,22.48,75.2,4.05
732,Gargalianoi,20,87,37.07,46.4,12.21
733,Ciampino,0,75,41.8,44.62,3.36
734,Ilave,0,100,-16.08,25.33,3.38
735,Verpelet,32,76,47.85,39.28,8.63
736,Ahrenfeld,75,86,52.07,33.76,3.94
737,Chelmsford,1,47,42.6,33.94,4.7
738,Santa Lucia,56,88,14.03,81.76,4.05
739,Oxkutzcab,80,92,20.3,72.49,3.27
740,Areia Branca,40,78,-10.77,80.6,8.05
741,Socorro,40,11,31.65,68.92,7.4
742,Los Mochis,0,60,25.77,65.47,2.15
743,Delph,90,100,52.47,33.71,11.41
744,Ubajara,64,98,-3.85,71.68,3.15
745,Malkerns,24,96,-26.57,66.01,2.37
746,Ngoro,20,98,-7.69,80.23,2.37
747,Philadelphia,90,49,39.95,45.5,9.17
748,Madise,92,100,58.17,33.8,10.29
749,Atenas de San Cristobal,20,94,15.68,73.4,3.36
750,Sarisap,20,80,47.68,41.0,12.75
751,Navlya,0,80,52.83,41.0,13.42
752,Les Trois-Ilets,0,88,14.53,73.4,3.36
753,Faubourg Schœlcher,0,88,14.48,73.4,3.36
754,Tupik,44,30,54.43,24.07,10.54
755,Gararu,20,90,-9.97,71.32,4.38
756,San Dona di Piave,0,87,45.63,41.59,6.93
757,East Lothian,20,89,55.9,33.73,10.29
758,Sushkovo,64,98,54.94,37.3,17.47
759,Hanna,12,65,51.63,-2.21,4.16
760,Itamarandiba,8,94,-17.85,64.03,4.72
761,Marfino,20,86,55.7,37.4,15.66
762,Sardice,40,64,48.96,37.4,13.87
763,Ihosy,24,85,-22.4,70.6,5.73
764,Sivagiri,0,57,11.12,89.77,2.59
765,Aleksandrov,92,97,56.4,36.76,18.81
766,Urmary,90,99,55.68,32.0,15.66
767,Oliveira do Hospital,76,89,40.36,46.39,3.15
768,Watrous,0,58,51.67,-7.61,3.49
769,Sangrur,0,48,30.23,89.68,8.41
770,Vilcun,0,78,-38.65,41.62,1.7
771,Verkhneye Dubrovo,90,86,56.75,28.4,6.71
772,Kineshma,92,97,57.44,32.8,17.92
773,Burias,32,86,5.72,81.4,4.16
774,Banjaran,48,97,-7.06,73.57,1.92
775,Asturga,44,76,11.25,85.27,6.17
776,Moniquira,80,99,5.88,60.25,1.7
777,Desna,8,90,50.76,29.65,15.12
778,Odiong,56,97,12.59,77.08,1.36
779,Finca Blanco Numero Uno,44,94,8.38,73.21,4.16
780,San Felice sul Panaro,0,75,44.83,41.5,3.36
781,Kingston,20,92,44.23,23.95,2.37
782,Carmen,64,79,15.88,81.31,6.96
783,Chortiatis,20,75,40.6,42.8,5.82
784,Creve Coeur,40,74,-20.19,84.2,11.41
785,Manjhanpur,0,74,25.53,84.64,7.85
786,Kawambwa,56,97,-9.78,67.0,4.83
787,Norden,36,97,53.6,31.05,2.24
788,Mabahin,36,85,9.19,81.13,6.17
789,Briancon,44,71,44.9,19.3,1.48
790,Nafpaktos,20,100,38.42,46.4,6.4
791,Amherst,75,63,45.83,30.2,11.41
792,Bambous,40,74,-20.26,84.2,11.41
793,Winsford,92,93,53.18,35.38,9.17
794,La Estrella,40,100,6.16,57.2,1.81
795,San Pedro Sacatepequez,36,84,14.68,61.33,0.36
796,Mira,92,99,40.43,54.49,14.34
797,Sedkyrkeshch,0,67,61.75,23.0,4.47
798,Burgos,88,93,16.07,70.51,2.59
799,Calimete,0,94,22.53,68.0,8.05
800,Port-de-Bouc,0,100,43.41,42.03,6.93
801,Boston,75,40,42.36,34.68,12.75
802,Damienesti,0,87,46.73,43.59,3.36
803,Barra de Sao Francisco,56,93,-18.75,70.24,5.17
804,Labis,32,71,2.38,87.25,5.61
805,Rotenburg,40,100,53.12,28.38,2.24
806,Monreale,0,70,38.08,48.2,4.7
807,Bakau,0,93,13.48,64.4,5.82
808,Lardos,20,59,36.1,60.8,11.41
809,Apostolache,0,75,45.13,44.6,10.29
810,Uniontown,90,93,39.9,33.06,14.99
811,Krasnogvardeyets,32,97,52.68,31.81,6.96
812,Port Talbot,90,100,51.6,45.75,9.17
813,Amfilochia,20,100,38.86,48.2,3.36
814,Cheshunt,75,93,51.7,43.32,8.05
815,Anna Nagar,40,56,13.06,93.2,9.17
816,Bonn,44,93,50.73,36.86,3.36
817,Bronkhorstspruit,8,88,-25.81,66.2,2.24
818,Jirlau,12,69,45.17,49.09,8.08
819,Uige,48,97,-7.61,67.81,2.93
820,Tolbazy,90,100,53.99,32.0,6.71
821,Pijino,44,98,9.33,72.76,3.49
822,Bosansko Grahovo,0,88,44.18,33.16,2.59
823,Bozdar,40,52,27.18,87.8,9.17
824,Ciresu,36,79,44.95,48.82,8.97
825,Parkovyy,48,89,45.83,50.35,10.76
826,Fort Dodge,1,68,42.5,26.6,9.17
827,Tampico,20,88,22.22,75.2,16.11
828,Mediesu Aurit,0,100,47.78,37.4,6.93
829,Vidim,68,49,56.38,22.63,8.97
830,Kafr Sawm,0,67,32.68,60.8,2.24
831,Kizel,48,96,59.0,27.22,3.38
832,North Shore,0,56,-36.8,68.0,9.17
833,Rosales,64,79,15.88,81.31,6.96
834,Dacice,75,80,49.08,32.0,9.17
835,Cachira,75,100,7.74,69.73,3.36
836,Ekenaes,92,94,59.97,32.26,17.92
837,Albuquerque,20,20,35.08,52.2,8.75
838,Gopinathpur,75,64,22.65,75.2,4.61
839,Witu,92,84,-2.39,80.68,3.15
840,Nyrany,90,93,49.71,34.36,2.24
841,Thanatpin,40,46,17.3,93.2,5.82
842,Mairwa,0,47,26.23,90.13,7.4
843,Saue,90,96,59.32,32.0,14.99
844,Sopur,88,68,34.4,47.65,0.69
845,Mulappilangad,0,54,11.8,90.58,3.49
846,Herdweg,0,86,48.2,33.8,6.93
847,Sibolga,12,91,1.74,77.62,0.69
848,Valea Dragului,20,70,44.21,45.48,8.05
849,La Mesa,20,94,9.18,69.8,2.24
850,Verin,92,98,41.94,42.88,6.51
851,Brosteni,56,59,47.23,37.84,8.63
852,Monroe,1,45,33.79,62.89,5.82
853,Pacos de Ferreira,75,87,41.28,55.4,17.22
854,Mercedes,8,91,-29.18,63.04,6.96
855,Kanor,0,22,24.43,98.32,2.93
856,Shuangyashan,92,64,46.64,63.31,19.82
857,Tapiogyorgye,20,80,47.34,42.21,12.75
858,Bulqize,75,93,41.49,50.0,2.24
859,Littleton,1,79,44.31,25.39,3.36
860,Huruesti,0,87,46.27,44.6,3.36
861,Vale da Amoreira,48,98,39.07,47.74,8.19
862,Devli,0,29,25.75,94.27,7.52
863,Antioch,1,55,38.01,57.94,12.75
864,Lengerich,75,93,52.18,30.81,1.12
865,Saddle Brook,75,30,40.9,39.74,6.85
866,Hurup,0,92,56.75,26.6,3.36
867,Somanda,8,94,-3.37,69.97,0.69
868,Bela Vista,92,98,-22.1,69.79,3.15
869,Canlaon,56,91,10.39,79.69,2.82
870,Bhawanigarh,0,50,30.27,89.23,7.52
871,Dorp Soto,20,78,12.27,78.8,12.75
872,Payan,88,99,1.94,70.78,2.59
873,Milanówek,90,93,52.13,32.0,14.99
874,Une,75,87,4.4,55.4,3.36
875,Atherton,40,62,-17.27,87.8,6.93
876,Kenitra,40,93,34.26,53.6,4.7
877,Rafael Lara Grajales,0,82,19.25,42.61,2.48
878,Kurilsk,0,90,45.27,34.33,7.18
879,San Nicolas,76,91,16.08,75.1,2.48
880,Gāllāmāri,88,60,22.8,88.69,4.5
881,Lake Forest,75,82,33.65,56.53,3.36
882,Saint-Ghislain,90,87,50.45,41.68,6.93
883,Racalmas,20,80,47.02,41.99,12.75
884,Psedakh,0,69,43.47,52.6,3.04
885,Hovelhof,68,93,51.82,35.6,4.7
886,Budingen,75,93,50.3,36.52,2.24
887,Loanhead,20,89,55.87,33.58,10.29
888,Sevojno,90,100,43.84,37.89,4.7
889,Zitlala,0,94,17.63,54.13,1.81
890,Thessaly,0,58,39.38,49.0,3.49
891,Nevyansk,8,78,57.5,31.27,4.94
892,Kalyvia,20,86,40.76,41.04,2.37
893,Kadrina,92,94,59.33,33.16,12.66
894,Bisten,0,88,49.25,34.68,5.82
895,Poroszlo,0,70,47.65,42.8,13.87
896,Sibut,8,85,5.73,78.34,1.14
897,Akranes,90,100,64.32,35.76,16.11
898,Gainesville,90,80,33.63,39.18,9.17
899,Padapada,64,79,15.55,81.31,6.96
900,Espanola,0,90,46.25,15.34,4.38
901,Junin,0,94,-34.58,56.74,8.19
902,Hensall,90,86,43.43,28.4,2.24
903,Shatura,80,97,55.57,37.48,18.48
904,Botwood,90,93,49.15,35.6,20.8
905,Saint James,1,51,40.88,37.85,4.7
906,Mexico City,5,20,19.43,59.61,6.93
907,Kumagaya,1,33,36.13,72.64,3.36
908,Mwinilunga,0,95,-11.73,63.67,5.95
909,Yokote,75,62,39.3,58.14,6.93
910,Dhidhdhoo,20,100,6.88,82.48,1.92
911,Eischen,0,93,49.69,36.41,3.36
912,Stafa,88,100,47.24,29.32,2.93
913,Glendora,75,82,34.14,57.11,3.36
914,Plankstadt,36,89,49.39,37.3,3.04
915,Sekudai,75,66,1.53,88.68,6.93
916,San Andres,76,90,13.25,80.05,1.03
917,Maracana,88,100,-0.77,75.64,2.37
918,Ilinskoye-Khovanskoye,92,96,56.97,37.21,18.37
919,Nanma,0,44,36.18,80.59,11.21
920,Iznoski,92,95,54.99,38.56,19.04
921,Khatassy,75,85,61.9,17.6,11.18
922,Victoria,90,83,28.8,72.46,12.75
923,Krrabe,75,93,41.22,50.0,2.24
924,Kiskore,0,70,47.5,42.8,13.87
925,Ottignies,75,80,50.65,40.77,5.82
926,Jhusi,0,56,25.43,87.43,3.49
927,Randolph,1,47,42.16,36.36,3.36
928,Nartkala,90,100,43.56,41.0,4.47
929,Edison,40,30,40.52,42.21,3.94
930,Carrieres-sur-Seine,0,65,48.91,44.6,9.17
931,Pshatavan,0,71,40.04,53.6,1.12
932,Fomeque,75,87,4.49,55.4,3.36
933,Sembakung,80,84,3.82,80.86,3.04
934,Bad Salzungen,90,99,50.82,33.8,8.05
935,Priargunsk,20,35,50.37,31.9,16.35
936,Gossau (SG),0,91,47.42,29.28,2.24
937,Bom Jesus do Galho,8,93,-19.83,67.54,6.17
938,Zapotitlan,0,90,14.13,54.76,2.26
939,Saint-Chamond,0,69,45.47,39.18,3.36
940,South Berwick,75,40,43.23,32.68,4.7
941,Nayagarh,0,67,20.13,86.44,4.16
942,Mezhova,92,91,48.25,49.9,11.88
943,Photharam,48,82,13.69,84.73,4.38
944,Borehamwood,92,93,51.65,43.41,9.17
945,Davao,40,46,7.07,93.2,6.93
946,Maquiapo,75,44,14.99,93.2,13.87
947,Hanstholm,0,97,57.12,36.13,8.63
948,Pasvalys,90,99,56.06,32.0,9.17
949,Mamou,0,95,10.15,66.55,2.59
950,Chengalpattu,40,56,12.7,93.2,9.17
951,Santa Iria da Azoia,75,100,38.85,55.4,8.05
952,Fundu Moldovei,80,80,47.53,31.9,7.4
953,Moi,0,100,58.42,30.91,7.63
954,Cacaopera,24,69,13.77,70.06,1.7
955,Arthur,75,92,43.83,22.73,2.24
956,Musoma,12,100,-1.5,71.59,4.72
957,Saint-Marc-des-Carrieres,20,57,46.68,23.02,2.24
958,Lombardia,20,67,19.15,64.12,1.92
959,Santa Ana Huiloac,0,79,19.4,43.96,1.59
960,Chatham,75,93,51.38,44.1,9.17
961,Tarnova,0,86,45.23,41.0,3.36
962,Ariguani,80,88,10.25,68.53,1.03
963,Kerns,40,92,46.9,28.9,3.36
964,Beacon,40,43,41.5,35.08,3.36
965,Bolo,48,89,15.99,83.29,4.16
966,Kudus,20,94,-6.8,84.01,5.95
967,Feodosiya,88,92,45.04,51.97,10.09
968,Domalanoan,48,89,16.0,83.29,4.16
969,Capitola,1,81,36.98,56.77,5.82
970,El Rosal,75,87,4.85,55.4,3.36
971,Dessel,20,93,51.23,40.21,4.7
972,Itsukaichi,1,33,35.73,71.51,3.36
973,Leningradskiy,0,82,69.38,19.93,7.63
974,Sovetskoye,0,98,51.44,32.0,11.18
975,Zacoalco de Torres,75,32,20.23,69.8,5.82
976,Andi,0,64,42.78,38.02,0.81
977,Coral Springs,20,73,26.27,73.4,5.82
978,Thakurganj,75,40,26.45,89.6,6.93
979,Drexel Hill,90,49,39.95,45.5,9.17
980,Chalan,36,87,9.55,76.63,9.98
981,Izhma,32,76,65.01,27.85,3.6
982,Dymytrove,90,100,48.61,46.4,8.95
983,Adand,12,93,46.86,42.79,9.53
984,Rhede,32,100,51.83,37.42,5.82
985,Argos Orestiko,20,86,40.47,39.2,2.82
986,Libcice nad Vltavou,20,74,50.2,34.72,5.82
987,Svelvik,0,53,59.61,23.94,3.36
988,Vordingborg,0,92,54.98,28.4,6.93
989,Tesanj,0,86,44.61,42.84,4.7
990,Dourados,88,97,-22.22,68.17,1.92
991,Clarin,56,79,8.2,82.12,4.61
992,Tosagua,40,83,-0.78,77.0,3.36
993,Chebarkul,12,93,54.97,32.44,4.16
994,Kurskaya,56,100,44.05,40.99,4.27
995,Gioia del Colle,0,87,40.8,40.32,4.7
996,Santa Ana,20,94,15.65,73.4,3.36
997,Taman,0,51,45.21,62.6,29.08
998,Norton,1,47,41.97,35.92,3.36
999,Zvornik,0,86,44.39,39.2,4.7
